<?xml version="1.0" encoding="UTF-8"?>
<databaseChangeLog
    xmlns="http://www.liquibase.org/xml/ns/dbchangelog"
    xmlns:xsi="http://www.w3.org/2001/XMLSchema-instance"
    xsi:schemaLocation="http://www.liquibase.org/xml/ns/dbchangelog http://www.liquibase.org/xml/ns/dbchangelog/dbchangelog-3.1.xsd">

    <changeSet author="Archetect" id="create initial tables">
        <createTable tableName="supply">
            <column name="id" type="uuid">
                <constraints nullable="false" primaryKey="true"/>
            </column>
            <column name="name" type="nvarchar">
                <constraints nullable="false"/>
            </column>
            <column name="created" type="TIMESTAMP">
                <constraints nullable="false"/>
            </column>
            <column name="modified" type="TIMESTAMP">
                <constraints nullable="false"/>
            </column>
            <column name="version" type="SMALLINT">
                <constraints nullable="false"/>
            </column>
        </createTable>
    </changeSet>
</databaseChangeLog>
