<?xml version="1.0" encoding="UTF-8"?>

<!--
Console appender logback configuration provided for import, equivalent to the programmatic
initialization performed by Boot
-->
<included>
    <appender name="CONSOLE" class="ch.qos.logback.core.ConsoleAppender">
        <encoder class="net.logstash.logback.encoder.LogstashEncoder">
            <if condition='isDefined("logging-pretty")||isDefined("LOGGING_PRETTY")'>
                <then>
                    <jsonGeneratorDecorator class="net.logstash.logback.decorate.CompositeJsonGeneratorDecorator">
                        <decorator class="net.logstash.logback.decorate.PrettyPrintingJsonGeneratorDecorator"/>
                    </jsonGeneratorDecorator>
                </then>
            </if>
        </encoder>
    </appender>
</included>
