<?xml version="1.0" encoding="UTF-8"?>
<databaseChangeLog
    xmlns="http://www.liquibase.org/xml/ns/dbchangelog"
    xmlns:xsi="http://www.w3.org/2001/XMLSchema-instance"
    xsi:schemaLocation="http://www.liquibase.org/xml/ns/dbchangelog http://www.liquibase.org/xml/ns/dbchangelog/dbchangelog-3.1.xsd">

    <changeSet author="raul.larosa@naxgrp.com" id="add account stat columns">
        <addColumn tableName="account">
            <column afterColumn="image_url"  name="purchased_stat" type="float" defaultValue="0">
                <constraints nullable="false"/>
            </column>
        </addColumn>
        <addColumn tableName="account">
            <column afterColumn="image_url"  name="money_saved_stat" type="float" defaultValue="0">
                <constraints nullable="false"/>
            </column>
        </addColumn>
        <addColumn tableName="account">
            <column afterColumn="image_url"  name="waste_saved_stat" type="float" defaultValue="0">
                <constraints nullable="false"/>
            </column>
        </addColumn>
    </changeSet>
</databaseChangeLog>
