<?xml version="1.0" encoding="UTF-8"?>
<databaseChangeLog
    xmlns="http://www.liquibase.org/xml/ns/dbchangelog"
    xmlns:xsi="http://www.w3.org/2001/XMLSchema-instance"
    xsi:schemaLocation="http://www.liquibase.org/xml/ns/dbchangelog http://www.liquibase.org/xml/ns/dbchangelog/dbchangelog-3.1.xsd">

    <changeSet author="anjaniy.salekar@naxgrp.com" id="add marketplace extra columns">
        <addColumn tableName="marketplace">
            <column afterColumn="name" name="available_date" type="nvarchar" defaultValue="available_date">
                <constraints nullable="false"/>
            </column>
        </addColumn>
        <addColumn tableName="marketplace">
            <column afterColumn="name" name="price_increase" type="float" defaultValue="0.0">
                <constraints nullable="false"/>
            </column>
        </addColumn>
        <addColumn tableName="marketplace">
            <column afterColumn="name" name="rating" type="float" defaultValue="0.0">
                <constraints nullable="false"/>
            </column>
        </addColumn>
        <addColumn tableName="marketplace">
            <column afterColumn="name" name="images" type="text[]" defaultValueComputed="'{None}'::text[]">
                <constraints nullable="false"/>
            </column>
        </addColumn>
    </changeSet>
</databaseChangeLog>
