<?xml version="1.0" encoding="UTF-8"?>
<databaseChangeLog
    xmlns="http://www.liquibase.org/xml/ns/dbchangelog"
    xmlns:xsi="http://www.w3.org/2001/XMLSchema-instance"
    xsi:schemaLocation="http://www.liquibase.org/xml/ns/dbchangelog http://www.liquibase.org/xml/ns/dbchangelog/dbchangelog-3.1.xsd">

    <changeSet author="anjaniy.salekar@naxgrp.com" id="add marketplace extra columns 02">
        <addColumn tableName="marketplace">
            <column afterColumn="name" name="sku" type="nvarchar" defaultValue="sku">
                <constraints nullable="false"/>
            </column>
        </addColumn>
        <addColumn tableName="marketplace">
            <column afterColumn="name" name="minimum_bid" type="float" defaultValue="0.0">
                <constraints nullable="false"/>
            </column>
        </addColumn>
        <addColumn tableName="marketplace">
            <column afterColumn="name" name="reserve_price" type="float" defaultValue="0.0">
                <constraints nullable="false"/>
            </column>
        </addColumn>
        <addColumn tableName="marketplace">
            <column afterColumn="name" name="bid_timeframe" type="nvarchar" defaultValue="bid_timeframe">
                <constraints nullable="false"/>
            </column>
        </addColumn>
        <addColumn tableName="marketplace">
            <column afterColumn="name" name="total_bids" type="int" defaultValue="0">
                <constraints nullable="false"/>
            </column>
        </addColumn>
        <addColumn tableName="marketplace">
            <column afterColumn="name" name="highest_bid" type="float" defaultValue="0.0">
                <constraints nullable="false"/>
            </column>
        </addColumn>
        <addColumn tableName="marketplace">
            <column afterColumn="name" name="bidder_id" type="uuid">
                <constraints nullable="true"/>
            </column>
        </addColumn>
        <addColumn tableName="marketplace">
            <column afterColumn="name" name="allergens" type="text[]" defaultValueComputed="'{None}'::text[]">
                <constraints nullable="false"/>
            </column>
        </addColumn>
        <addColumn tableName="marketplace">
            <column afterColumn="name" name="price_unit" type="nvarchar"  defaultValue="priceUnit">
                <constraints nullable="false"/>
            </column>
        </addColumn>
        <addColumn tableName="marketplace">
            <column afterColumn="name" name="auto_pricing" type="boolean" defaultValue="false">
                <constraints nullable="false"/>
            </column>
        </addColumn>
        <addColumn tableName="marketplace">
            <column afterColumn="name" name="status" type="nvarchar" defaultValue="status">
                <constraints nullable="false"/>
            </column>
        </addColumn>
    </changeSet>
</databaseChangeLog>
