<?xml version="1.0" encoding="UTF-8"?>
<databaseChangeLog
    xmlns="http://www.liquibase.org/xml/ns/dbchangelog"
    xmlns:xsi="http://www.w3.org/2001/XMLSchema-instance"
    xsi:schemaLocation="http://www.liquibase.org/xml/ns/dbchangelog http://www.liquibase.org/xml/ns/dbchangelog/dbchangelog-3.1.xsd">

    <changeSet author="anjaniy.salekar@naxgrp.com" id="add marketplace base columns">
        <addColumn tableName="marketplace">
            <column afterColumn="name" name="latitude" type="double" defaultValue="0.0">
                <constraints nullable="false"/>
            </column>
        </addColumn>
        <addColumn tableName="marketplace">
            <column afterColumn="name" name="longitude" type="double" defaultValue="0.0">
                <constraints nullable="false"/>
            </column>
        </addColumn>
        <addColumn tableName="marketplace">
            <column afterColumn="name" name="distance" type="nvarchar" defaultValue="0 miles away">
                <constraints nullable="true"/>
            </column>
        </addColumn>
    </changeSet>
    <changeSet author="anjaniy.salekar@naxgrp.com" id="add account base columns">
        <addColumn tableName="account">
            <column afterColumn="name" name="latitude" type="double" defaultValue="0.0">
                <constraints nullable="false"/>
            </column>
        </addColumn>
        <addColumn tableName="account">
            <column afterColumn="name" name="longitude" type="double" defaultValue="0.0">
                <constraints nullable="false"/>
            </column>
        </addColumn>
    </changeSet>
</databaseChangeLog>
