<?xml version="1.0" encoding="UTF-8"?>
<databaseChangeLog
    xmlns="http://www.liquibase.org/xml/ns/dbchangelog"
    xmlns:xsi="http://www.w3.org/2001/XMLSchema-instance"
    xsi:schemaLocation="http://www.liquibase.org/xml/ns/dbchangelog http://www.liquibase.org/xml/ns/dbchangelog/dbchangelog-3.1.xsd">

    <changeSet author="Archetect" id="updating the tables with extra fields 06">
        <createTable tableName="marketplace">
            <column name="id" type="uuid">
                <constraints nullable="false" primaryKey="true"/>
            </column>
            <column name="name" type="nvarchar">
                <constraints nullable="false"/>
            </column>
            <column name="created" type="TIMESTAMP">
                <constraints nullable="false"/>
            </column>
            <column name="modified" type="TIMESTAMP">
                <constraints nullable="false"/>
            </column>
            <column name="version" type="SMALLINT">
                <constraints nullable="false"/>
            </column>
            <column name="type" type="nvarchar">
                <constraints nullable="false"/>
            </column>
            <column name="is_available" type="boolean">
                <constraints nullable="false"/>
            </column>
            <column name="quantity" type="int">
                <constraints nullable="false"/>
            </column>
            <column name="quantity_unit" type="nvarchar">
                <constraints nullable="false"/>
            </column>
            <column name="price" type="float">
                <constraints nullable="false"/>
            </column>
            <column name="original_price" type="float">
                <constraints nullable="false"/>
            </column>
            <column name="location" type="nvarchar">
                <constraints nullable="false"/>
            </column>
            <column name="waste_probability" type="float">
                <constraints nullable="false"/>
            </column>
            <column name="purchased_by" type="uuid">
                <constraints nullable="true"/>
            </column>
            <column name="purchased_date" type="date">
                <constraints nullable="true"/>
            </column>
        </createTable>

        <createTable tableName="account">
            <column name="id" type="uuid">
                <constraints nullable="false" primaryKey="true"/>
            </column>
            <column name="name" type="nvarchar">
                <constraints nullable="false"/>
            </column>
            <column name="created" type="TIMESTAMP">
                <constraints nullable="false"/>
            </column>
            <column name="modified" type="TIMESTAMP">
                <constraints nullable="false"/>
            </column>
            <column name="version" type="SMALLINT">
                <constraints nullable="false"/>
            </column>
            <column name="email" type="nvarchar">
                <constraints nullable="false"/>
            </column>
            <column name="image_url" type="nvarchar">
                <constraints nullable="false"/>
            </column>
        </createTable>
    </changeSet>
</databaseChangeLog>
