<?xml version="1.0" encoding="UTF-8"?>

<configuration>
    <include resource="org/springframework/boot/logging/logback/defaults.xml"/>
    <property name="CONSOLE_LOG_CHARSET" value="UTF-8"/>
    <property name="FILE_LOG_CHARSET" value="UTF-8"/>
    <include resource="org/springframework/boot/logging/logback/console-appender.xml"/>
    <include resource="nalix/flowerfoods/platform/logging/logback/nalix-flowerfoods-platform-logging.xml"/>

    <springProfile name="!prod">
        <logger name="nalix.flowerfoods.supply.service" level="DEBUG"/>
    </springProfile>

    <root level="INFO">
        <appender-ref ref="CONSOLE"/>
    </root>

</configuration>
